object_id,worker_id,x_loc,y_loc
1,1,0.7734375,0.31378299120234604
2,1,0.982421875,0.9384164222873901
3,1,0.62109375,0.9237536656891495
4,1,0.27734375,0.3870967741935484
5,1,0.341796875,0.7741935483870968
6,1,0.1171875,0.8680351906158358
7,1,0.7890625,0.750733137829912
