object_id,worker_id,x_loc,y_loc
1,1,0.4078125,0.40332640332640335
2,1,0.5734375,0.25571725571725573
3,1,0.515625,0.5758835758835759
4,1,0.459375,0.656964656964657
5,1,0.2875,0.7110187110187111
6,1,0.5765625,0.501039501039501
